{"cameraMode":{"drawMode":0,"name":"Shaded","section":"Shading Mode"},"sceneLighting":true,"audioPlay":false,"sceneViewState":{"m_AlwaysRefresh":false,"showFog":true,"showSkybox":true,"showFlares":true,"showImageEffects":true,"showParticleSystems":true,"showVisualEffectGraphs":true,"m_FxEnabled":true},"in2DMode":false,"pivot":{"x":0.17014360427856446,"y":2.030461311340332,"z":3.6789841651916506},"rotation":{"x":-0.0019356952980160714,"y":0.9976147413253784,"z":-0.06143069639801979,"w":-0.031435247510671619},"size":3.9028680324554445,"orthographic":true}