{"cameraMode":{"drawMode":0,"name":"Shaded","section":"Shading Mode"},"sceneLighting":true,"audioPlay":false,"sceneViewState":{"m_AlwaysRefresh":false,"showFog":true,"showSkybox":true,"showFlares":true,"showImageEffects":true,"showParticleSystems":true,"showVisualEffectGraphs":true,"m_FxEnabled":true},"in2DMode":false,"pivot":{"x":-1.542883276939392,"y":1.2106428146362305,"z":0.1897638440132141},"rotation":{"x":0.00021036298130638897,"y":-0.9996874332427979,"z":0.008997482247650624,"w":0.023395471274852754},"size":6.003273963928223,"orthographic":false}