{"cameraMode":{"drawMode":0,"name":"Shaded","section":"Shading Mode"},"sceneLighting":true,"audioPlay":false,"sceneViewState":{"m_AlwaysRefresh":false,"showFog":true,"showSkybox":true,"showFlares":true,"showImageEffects":true,"showParticleSystems":true,"showVisualEffectGraphs":true,"m_FxEnabled":true},"in2DMode":false,"pivot":{"x":10.015839576721192,"y":2.546483039855957,"z":-8.61538314819336},"rotation":{"x":-0.005194530822336674,"y":0.9915605783462524,"z":-0.12258090078830719,"w":-0.041982196271419528},"size":19.16042709350586,"orthographic":true}