{"cameraMode":{"drawMode":0,"name":"Shaded","section":"Shading Mode"},"sceneLighting":true,"audioPlay":false,"sceneViewState":{"m_AlwaysRefresh":false,"showFog":true,"showSkybox":true,"showFlares":true,"showImageEffects":true,"showParticleSystems":true,"showVisualEffectGraphs":true,"m_FxEnabled":true},"in2DMode":false,"pivot":{"x":-6.066412925720215,"y":-0.05357027053833008,"z":4.997221946716309},"rotation":{"x":-0.0009512542164884508,"y":0.9773916006088257,"z":-0.21139094233512879,"w":-0.004398288205265999},"size":6.151205062866211,"orthographic":true}